R20000_val_loss,R20000_val_accuracy,R20000_val_auc,R20000_val_precision,R20000_val_recall,R20000_val_f1,R20000_test_loss,R20000_test_accuracy,R20000_test_auc,R20000_test_precision,R20000_test_recall,R20000_test_f1,val_loss,val_accuracy,val_auc,val_precision,val_recall,val_f1,test_loss,test_accuracy,test_auc,test_precision,test_recall,test_f1,knw_loss,knw_accuracy,knw_auc,knw_precision,knw_recall,knw_f1
0.5773618618647257,0.7672460675239563,0.8425811131795248,0.7672460675239563,0.7672460675239563,0.7672459880510966,0.48956189552942914,0.8045358260472616,0.8781590263048807,0.8045358260472616,0.8045358260472616,0.8045357465744019,0.3241862306992213,0.8571428656578064,0.942176878452301,0.8571428656578064,0.8571428656578064,0.8571428060531616,0.18389282499750456,0.9333333373069763,0.9866666595141093,0.9333333373069763,0.9333333373069763,0.9333333373069763,0.27526502807935077,0.8936170339584351,0.9571450153986613,0.8936170339584351,0.8936170339584351,0.8936169743537903
0.0936795632726134,0.01140683889389038,0.013257845932788465,0.01140683889389038,0.01140683889389038,0.011406838893942289,0.08474470680201575,0.02571652809479175,0.024292549633556874,0.02571652809479175,0.02571652809479175,0.02571652677123181,0.09812767315253783,0.0,0.04123931723238871,0.0,0.0,0.0,0.1589010466124119,0.1154700469553736,0.023094023156177805,0.1154700469553736,0.1154700469553736,0.1154700469553736,0.12267352566762356,0.036852140448773,0.03921835609155724,0.036852140448773,0.036852140448773,0.036852140448773
0.05408592107300993,0.006585741505990305,0.007654420918170006,0.006585741505990305,0.006585741505990305,0.006585741506020274,0.048927379284539704,0.014847444418150592,0.014025310070236406,0.014847444418150592,0.014847444418150592,0.014847443653992905,0.05665403850956933,0.0,0.023809530905315995,0.0,0.0,0.0,0.09174156203618929,0.06666666269302368,0.013333340485890707,0.06666666269302368,0.06666666269302368,0.06666666269302368,0.07082559306664293,0.021276593208312992,0.02264272844663517,0.021276593208312992,0.021276593208312992,0.021276593208312992
