R20000_val_loss,R20000_val_accuracy,R20000_val_auc,R20000_val_precision,R20000_val_recall,R20000_val_f1,R20000_test_loss,R20000_test_accuracy,R20000_test_auc,R20000_test_precision,R20000_test_recall,R20000_test_f1,val_loss,val_accuracy,val_auc,val_precision,val_recall,val_f1,test_loss,test_accuracy,test_auc,test_precision,test_recall,test_f1,knw_loss,knw_accuracy,knw_auc,knw_precision,knw_recall,knw_f1
0.4917936623096466,0.7745790481567383,0.8548210263252258,0.7745790481567383,0.7745790481567383,0.7745789885520935,0.40218186378479004,0.8370044231414795,0.9091554880142212,0.8370044231414795,0.8370044231414795,0.8370043635368347,0.4497915307680766,0.8333333333333334,0.8758503198623657,0.8333333333333334,0.8333333333333334,0.8333332538604736,0.4066571593284607,0.800000011920929,0.9599999785423279,0.800000011920929,0.800000011920929,0.800000011920929,0.4452027380466461,0.8297872543334961,0.8872793316841125,0.8297872543334961,0.8297872543334961,0.8297871947288513
0.0,0.0,0.0,0.0,0.0,0.0,0.0,0.0,0.0,0.0,0.0,0.0,0.06087015362062394,0.04123931969044086,0.03319594180958232,0.04123931969044086,0.04123931969044086,0.04123935410319857,0.0,0.0,0.0,0.0,0.0,0.0,0.0,0.0,0.0,0.0,0.0,0.0
0.0,0.0,0.0,0.0,0.0,0.0,0.0,0.0,0.0,0.0,0.0,0.0,0.03514339957848111,0.023809532324473068,0.019165685939765503,0.023809532324473068,0.023809532324473068,0.023809552192687992,0.0,0.0,0.0,0.0,0.0,0.0,0.0,0.0,0.0,0.0,0.0,0.0
