R20000_val_loss,R20000_val_accuracy,R20000_val_auc,R20000_val_precision,R20000_val_recall,R20000_val_f1,R20000_test_loss,R20000_test_accuracy,R20000_test_auc,R20000_test_precision,R20000_test_recall,R20000_test_f1,val_loss,val_accuracy,val_auc,val_precision,val_recall,val_f1,test_loss,test_accuracy,test_auc,test_precision,test_recall,test_f1,knw_loss,knw_accuracy,knw_auc,knw_precision,knw_recall,knw_f1
0.7323621511459351,0.7229342659314474,0.7902618447939554,0.7229342659314474,0.7229342659314474,0.7229342261950175,0.5460366010665894,0.7916462818781534,0.8675522605578104,0.7916462818781534,0.7916462818781534,0.7916462222735087,0.3711427648862203,0.8518518408139547,0.9197530945142111,0.8518518408139547,0.8518518408139547,0.8518517812093099,0.17581975211699805,0.9259259303410848,0.991769552230835,0.9259259303410848,0.9259259303410848,0.9259258906046549,0.24816630283991495,0.9185185035069784,0.9661111036936442,0.9185185035069784,0.9185185035069784,0.9185184439023336
0.08374740506997513,0.007650277769747125,0.019150283747625684,0.007650277769747125,0.007650277769747125,0.007650275645161872,0.056323624312091106,0.004162955975592373,0.011553012085851612,0.004162955975592373,0.004162955975592373,0.004162955975592373,0.07371425812343531,0.09799079847694199,0.03673735230095364,0.09799079847694199,0.09799079847694199,0.09799079847694199,0.06539329074089156,0.06415002608631867,0.007127776852617885,0.06415002608631867,0.06415002608631867,0.06415006049907637,0.07061870087604698,0.057017794244846896,0.015178535939988623,0.057017794244846896,0.057017794244846896,0.057017794244846896
0.048351586861082776,0.004416889929738913,0.011056421476749404,0.004416889929738913,0.004416889929738913,0.004416888703109045,0.032518459658321154,0.002403483753132818,0.006670134637717429,0.002403483753132818,0.002403483753132818,0.002403483753132818,0.04255894677067894,0.05657501387876883,0.0212103202402697,0.05657501387876883,0.05657501387876883,0.05657501387876883,0.03775483401244921,0.0370370348294576,0.0041152238845825195,0.0370370348294576,0.0370370348294576,0.037037054697672524,0.04077172596060739,0.03291923885586105,0.008763331810856841,0.03291923885586105,0.03291923885586105,0.03291923885586105
