SAV_coords,0,1,2
P21817 160 E G,0.6722004,0.13362159,0.19076625
P21817 177 R C,0.99918586,0.9864101,0.96106017
P21817 214 T M,0.3219907,0.17190118,0.22066852
P21817 401 R H,0.06224897,0.11027107,0.14676243
P21817 522 Y C,0.99647,0.97358227,0.95562327
P21817 539 F V,0.9976991,0.9360801,0.94937253
P21817 1056 D H,0.054286707,0.13446328,0.3341726
P21817 1588 P L,0.25981185,0.52151024,0.55038595
P21817 1675 L P,0.9974004,0.980312,0.9813541
P21817 1728 S F,0.12298486,0.14787687,0.2020537
P21817 2163 R L,0.79330856,0.9138845,0.68331975
P21817 2204 H Q,0.7839159,0.8634182,0.7528269
P21817 2237 C Y,0.99771655,0.9860336,0.9737207
P21817 2362 E K,0.08883566,0.10687056,0.11622696
P21817 2363 C W,0.99440324,0.969863,0.94874156
P21817 2364 F V,0.10341495,0.161676,0.13218428
P21817 2431 D Y,0.999856,0.99632555,0.98654085
P21817 2627 V M,0.18337059,0.7331164,0.71882546
P21817 2676 R W,0.998618,0.9894358,0.98081446
P21817 3051 R H,0.041113783,0.25400397,0.42228025
P21817 3418 N D,0.061542585,0.089575,0.22591372
P21817 3903 R Q,0.94263196,0.49120066,0.38577166
P21817 3772 R Q,0.83475167,0.6785451,0.42581046
P21817 3986 D E,0.43258077,0.2516911,0.24852018
P21817 4050 S Y,0.998395,0.96393514,0.9307734
P21817 4234 V L,0.7911845,0.42708266,0.2948847
P21817 4737 R Q,0.4598689,0.4151239,0.35872778
P21817 4824 L P,0.99817514,0.9804648,0.9766693
P21817 4893 R Q,0.97078526,0.8203673,0.68116
P21817 4973 P L,0.75247085,0.303442,0.58962363
