R20000_val_loss,R20000_val_accuracy,R20000_val_auc,R20000_val_precision,R20000_val_recall,R20000_val_f1,R20000_test_loss,R20000_test_accuracy,R20000_test_auc,R20000_test_precision,R20000_test_recall,R20000_test_f1,val_loss,val_accuracy,val_auc,val_precision,val_recall,val_f1,test_loss,test_accuracy,test_auc,test_precision,test_recall,test_f1,knw_loss,knw_accuracy,knw_auc,knw_precision,knw_recall,knw_f1
0.6330235799153646,0.7550387581189474,0.825610339641571,0.7550387581189474,0.7550387581189474,0.7550386985143026,0.48696879545847577,0.8162832458813986,0.8879981835683187,0.8162832458813986,0.8162832458813986,0.8162831862767538,0.35823409756024677,0.8641975323359171,0.9231824477513632,0.8641975323359171,0.8641975323359171,0.8641974528630575,0.15514341245094934,0.9629629651705424,0.9958847761154175,0.9629629651705424,0.9629629651705424,0.9629629453023275,0.23359800378481546,0.9370370308558146,0.9702057639757792,0.9370370308558146,0.9370370308558146,0.9370369712511698
0.052108439996705835,0.0016491846426419253,0.0021330290258599087,0.0016491846426419253,0.0016491846426419253,0.0016491846426419253,0.038503429639378146,0.005187828889904945,0.007825995778511329,0.005187828889904945,0.005187828889904945,0.005187828889904945,0.08071384586541416,0.07709872817187384,0.04400277680432791,0.07709872817187384,0.07709872817187384,0.0770987615772112,0.037812840471723265,0.06415002608631867,0.007127776852617885,0.06415002608631867,0.06415002608631867,0.06415006049907637,0.05930763334276782,0.023129616065472494,0.015895439826186384,0.023129616065472494,0.023129616065472494,0.023129616065472494
0.03008482185914958,0.0009521571973727124,0.0012315048822695036,0.0009521571973727124,0.0009521571973727124,0.0009521571973727124,0.02222996546701879,0.0029951944060963376,0.004518340769400391,0.0029951944060963376,0.0029951944060963376,0.0029951944060963376,0.04660016063772683,0.04451297146420915,0.02540501503306974,0.04451297146420915,0.04451297146420915,0.04451299075078966,0.021831253625173803,0.0370370348294576,0.0041152238845825195,0.0370370348294576,0.0370370348294576,0.037037054697672524,0.03424127807544663,0.013353890061653238,0.009177236462536207,0.013353890061653238,0.013353890061653238,0.013353890061653238
