R20000_val_loss,R20000_val_accuracy,R20000_val_auc,R20000_val_precision,R20000_val_recall,R20000_val_f1,R20000_test_loss,R20000_test_accuracy,R20000_test_auc,R20000_test_precision,R20000_test_recall,R20000_test_f1,val_loss,val_accuracy,val_auc,val_precision,val_recall,val_f1,test_loss,test_accuracy,test_auc,test_precision,test_recall,test_f1,knw_loss,knw_accuracy,knw_auc,knw_precision,knw_recall,knw_f1
0.527705192565918,0.7532147765159607,0.8288536071777344,0.7532147765159607,0.7532147765159607,0.7532147169113159,0.40396907925605774,0.836514949798584,0.9095726013183594,0.836514949798584,0.836514949798584,0.8365148901939392,0.5492321848869324,0.7037037014961243,0.8102423747380575,0.7037037014961243,0.7037037014961243,0.7037036418914795,0.5068218111991882,0.7777777910232544,0.8518518805503845,0.7777777910232544,0.7777777910232544,0.7777776718139648,0.544991135597229,0.7111111283302307,0.812716007232666,0.7111111283302307,0.7111111283302307,0.7111110091209412
0.0,0.0,0.0,0.0,0.0,0.0,0.0,0.0,0.0,0.0,0.0,0.0,0.024180769735593324,0.037037014961242676,0.015295626360409077,0.037037014961242676,0.037037014961242676,0.037037014961242676,0.0,0.0,0.0,0.0,0.0,0.0,0.0,0.0,0.0,0.0,0.0,0.0
0.0,0.0,0.0,0.0,0.0,0.0,0.0,0.0,0.0,0.0,0.0,0.0,0.013960773916057162,0.021383330557853658,0.008830933996606116,0.021383330557853658,0.021383330557853658,0.021383330557853658,0.0,0.0,0.0,0.0,0.0,0.0,0.0,0.0,0.0,0.0,0.0,0.0
