R20000_val_loss,R20000_val_accuracy,R20000_val_auc,R20000_val_precision,R20000_val_recall,R20000_val_f1,R20000_test_loss,R20000_test_accuracy,R20000_test_auc,R20000_test_precision,R20000_test_recall,R20000_test_f1,val_loss,val_accuracy,val_auc,val_precision,val_recall,val_f1,test_loss,test_accuracy,test_auc,test_precision,test_recall,test_f1,knw_loss,knw_accuracy,knw_auc,knw_precision,knw_recall,knw_f1
0.6039837201436361,0.7654388348261515,0.8334841728210449,0.7654388348261515,0.7654388348261515,0.7654387553532919,0.4526509940624237,0.8213411569595337,0.895316998163859,0.8213411569595337,0.8213411569595337,0.8213410973548889,0.3922511637210846,0.8518518606821696,0.9085505207379659,0.8518518606821696,0.8518518606821696,0.8518517812093099,0.18061242500940958,1.0,0.999999980131785,1.0,1.0,1.0,0.2792377521594365,0.9259259104728699,0.9604321122169495,0.9259259104728699,0.9259259104728699,0.9259258508682251
0.037406081858204626,0.004436106362705017,0.005632737250958501,0.004436106362705017,0.004436106362705017,0.00443607397888846,0.019518257615545355,0.0025900494773939153,0.005506295545865805,0.0025900494773939153,0.0025900494773939153,0.0025900494773939153,0.06953644242268689,0.06415002608631867,0.03307391491657657,0.06415002608631867,0.06415002608631867,0.06415006049907637,0.050971182882580665,0.0,3.44127577060238e-08,0.0,0.0,0.0,0.05032462423698822,0.03207499583678048,0.015663584315382097,0.03207499583678048,0.03207499583678048,0.03207499583678048
0.02159641143016362,0.0025611872026615533,0.0032520623681153234,0.0025611872026615533,0.0025611872026615533,0.0025611685058563468,0.011268871288447575,0.0014953657629878266,0.00317906121564326,0.0014953657629878266,0.0014953657629878266,0.0014953657629878266,0.04014688375122719,0.0370370348294576,0.01909523368024026,0.0370370348294576,0.0370370348294576,0.037037054697672524,0.029428226158171592,0.0,1.986821492513021e-08,0.0,0.0,0.0,0.029054935350091914,0.018518507480621338,0.009043374620960254,0.018518507480621338,0.018518507480621338,0.018518507480621338
