R20000_val_loss,R20000_val_accuracy,R20000_val_auc,R20000_val_precision,R20000_val_recall,R20000_val_f1,R20000_test_loss,R20000_test_accuracy,R20000_test_auc,R20000_test_precision,R20000_test_recall,R20000_test_f1,val_loss,val_accuracy,val_auc,val_precision,val_recall,val_f1,test_loss,test_accuracy,test_auc,test_precision,test_recall,test_f1,knw_loss,knw_accuracy,knw_auc,knw_precision,knw_recall,knw_f1
0.5234047770500183,0.7628922462463379,0.8351019620895386,0.7628922462463379,0.7628922462463379,0.7628922462463379,0.3983633518218994,0.840430736541748,0.9108892679214478,0.840430736541748,0.840430736541748,0.8404306769371033,0.5357080201307932,0.7283950646718343,0.8328761259714762,0.7283950646718343,0.7283950646718343,0.7283949851989746,0.5373290777206421,0.7777777910232544,0.8271604776382446,0.7777777910232544,0.7777777910232544,0.7777776718139648,0.5358701348304749,0.7333333492279053,0.8368518352508545,0.7333333492279053,0.7333333492279053,0.7333332896232605
0.0,0.0,0.0,0.0,0.0,0.0,0.0,0.0,0.0,0.0,0.0,0.0,0.05202735697857626,0.05657500087197298,0.06443661239214182,0.05657500087197298,0.05657500087197298,0.056574974858368834,0.0,0.0,0.0,0.0,0.0,0.0,0.0,0.0,0.0,0.0,0.0,0.0
0.0,0.0,0.0,0.0,0.0,0.0,0.0,0.0,0.0,0.0,0.0,0.0,0.03003800855680576,0.032663591982836915,0.03720249551027066,0.032663591982836915,0.032663591982836915,0.032663576963875555,0.0,0.0,0.0,0.0,0.0,0.0,0.0,0.0,0.0,0.0,0.0,0.0
