R20000_val_loss,R20000_val_accuracy,R20000_val_auc,R20000_val_precision,R20000_val_recall,R20000_val_f1,R20000_test_loss,R20000_test_accuracy,R20000_test_auc,R20000_test_precision,R20000_test_recall,R20000_test_f1,val_loss,val_accuracy,val_auc,val_precision,val_recall,val_f1,test_loss,test_accuracy,test_auc,test_precision,test_recall,test_f1,knw_loss,knw_accuracy,knw_auc,knw_precision,knw_recall,knw_f1
0.5474534630775452,0.7867909073829651,0.8565964698791504,0.7867909073829651,0.7867909073829651,0.7867908279101054,0.4505314926306407,0.8242780367533366,0.8983047405878702,0.8242780367533366,0.8242780367533366,0.8242779771486918,0.3289763381083806,0.8571428656578064,0.9523809552192688,0.8571428656578064,0.8571428656578064,0.8571428060531616,0.18757637217640877,1.0,1.0,1.0,1.0,1.0,0.2753090560436249,0.9007092316945394,0.959861159324646,0.9007092316945394,0.9007092316945394,0.9007091720898946
0.11106144186976019,0.01773492965776505,0.018411299470120077,0.01773492965776505,0.01773492965776505,0.017734963736107397,0.06892592752595966,0.01839934060521851,0.014894944691510276,0.01839934060521851,0.01839934060521851,0.01839934060521851,0.08889199312763171,0.0,0.02809986699521967,0.0,0.0,0.0,0.15549764132322474,0.0,0.0,0.0,0.0,0.0,0.11607795697555828,0.024568093632515334,0.031963302811075275,0.024568093632515334,0.024568093632515334,0.024568093632515334
0.06412135336009403,0.01023926641196973,0.01062976870520464,0.01023926641196973,0.01023926641196973,0.010239286087109858,0.03979440281125745,0.01062286425133452,0.008599600327208046,0.01062286425133452,0.01062286425133452,0.01062286425133452,0.051321816161040534,0.0,0.01622346577388276,0.0,0.0,0.0,0.08977660507631569,0.0,0.0,0.0,0.0,0.0,0.06701763970682037,0.01418439547220866,0.018454021482163834,0.01418439547220866,0.01418439547220866,0.01418439547220866
