R20000_val_loss,R20000_val_accuracy,R20000_val_auc,R20000_val_precision,R20000_val_recall,R20000_val_f1,R20000_test_loss,R20000_test_accuracy,R20000_test_auc,R20000_test_precision,R20000_test_recall,R20000_test_f1,val_loss,val_accuracy,val_auc,val_precision,val_recall,val_f1,test_loss,test_accuracy,test_auc,test_precision,test_recall,test_f1,knw_loss,knw_accuracy,knw_auc,knw_precision,knw_recall,knw_f1
0.46712902188301086,0.802137553691864,0.8697358965873718,0.802137553691864,0.802137553691864,0.8021374344825745,0.39414921402931213,0.8428781032562256,0.915554940700531,0.8428781032562256,0.8428781032562256,0.8428780436515808,0.420406033595403,0.8571428656578064,0.9149659872055054,0.8571428656578064,0.8571428656578064,0.8571428060531616,0.38492387533187866,1.0,1.0,1.0,1.0,1.0,0.416631281375885,0.8723404407501221,0.9167044162750244,0.8723404407501221,0.8723404407501221,0.8723403811454773
0.0,0.0,0.0,0.0,0.0,0.0,0.0,0.0,0.0,0.0,0.0,0.0,0.05091401997232068,0.0,0.02567970066590329,0.0,0.0,0.0,0.0,0.0,0.0,0.0,0.0,0.0,0.0,0.0,0.0,0.0,0.0,0.0
0.0,0.0,0.0,0.0,0.0,0.0,0.0,0.0,0.0,0.0,0.0,0.0,0.02939522313654533,0.0,0.014826182092168278,0.0,0.0,0.0,0.0,0.0,0.0,0.0,0.0,0.0,0.0,0.0,0.0,0.0,0.0,0.0
