R20000_val_loss,R20000_val_accuracy,R20000_val_auc,R20000_val_precision,R20000_val_recall,R20000_val_f1,R20000_test_loss,R20000_test_accuracy,R20000_test_auc,R20000_test_precision,R20000_test_recall,R20000_test_f1,val_loss,val_accuracy,val_auc,val_precision,val_recall,val_f1,test_loss,test_accuracy,test_auc,test_precision,test_recall,test_f1,knw_loss,knw_accuracy,knw_auc,knw_precision,knw_recall,knw_f1
0.5580766995747884,0.7874303460121155,0.86011270682017,0.7874303460121155,0.7874303460121155,0.7874303062756857,0.4707142810026805,0.8172622124354044,0.8913317720095316,0.8172622124354044,0.8172622124354044,0.8172621528307596,0.37817102670669556,0.8271604975064596,0.9186099569002787,0.8271604975064596,0.8271604975064596,0.8271604379018148,0.15465641021728516,1.0,0.999999980131785,1.0,1.0,1.0,0.2488082448641459,0.9222222169240316,0.9663374622662863,0.9222222169240316,0.9222222169240316,0.9222221573193868
0.0380139804563235,0.0032115238020045136,0.0036394274482923566,0.0032115238020045136,0.0032115238020045136,0.0032115356699016218,0.02675418055396938,0.001978182963973072,0.0066688597458873546,0.001978182963973072,0.001978182963973072,0.001978182963973072,0.07820061005383008,0.0770987615772112,0.0440739716671191,0.0770987615772112,0.0770987615772112,0.0770987615772112,0.03607983714539131,0.0,3.44127577060238e-08,0.0,0.0,0.0,0.057899319509750816,0.040061694981980873,0.016310480072176843,0.040061694981980873,0.040061694981980873,0.040061694981980873
0.021947381849427548,0.0018541741315961965,0.0021012244169677048,0.0018541741315961965,0.0018541741315961965,0.0018541809835297865,0.015446533344782073,0.001142104466756185,0.0038502679694759237,0.001142104466756185,0.001142104466756185,0.001142104466756185,0.045149143265371755,0.04451299075078966,0.02544611940626715,0.04451299075078966,0.04451299075078966,0.04451299075078966,0.02083070368820953,0.0,1.986821492513021e-08,0.0,0.0,0.0,0.03342818770485079,0.02312963038203934,0.009416860060283328,0.02312963038203934,0.02312963038203934,0.02312963038203934
