R20000_val_loss,R20000_val_accuracy,R20000_val_auc,R20000_val_precision,R20000_val_recall,R20000_val_f1,R20000_test_loss,R20000_test_accuracy,R20000_test_auc,R20000_test_precision,R20000_test_recall,R20000_test_f1,val_loss,val_accuracy,val_auc,val_precision,val_recall,val_f1,test_loss,test_accuracy,test_auc,test_precision,test_recall,test_f1,knw_loss,knw_accuracy,knw_auc,knw_precision,knw_recall,knw_f1
0.46712902188301086,0.802137553691864,0.8697358965873718,0.802137553691864,0.802137553691864,0.8021374344825745,0.39414921402931213,0.8428781032562256,0.915554940700531,0.8428781032562256,0.8428781032562256,0.8428780436515808,0.5793554584185282,0.7160493930180868,0.7736625671386719,0.7160493930180868,0.7160493930180868,0.716049313545227,0.530661404132843,0.7777777910232544,0.8271604776382446,0.7777777910232544,0.7777777910232544,0.7777776718139648,0.5744860768318176,0.7222222089767456,0.7816048860549927,0.7222222089767456,0.7222222089767456,0.722222089767456
0.0,0.0,0.0,0.0,0.0,0.0,0.0,0.0,0.0,0.0,0.0,0.0,0.04361289794436884,0.05657500737536953,0.04276666111570731,0.05657500737536953,0.05657500737536953,0.056574974858368834,0.0,0.0,0.0,0.0,0.0,0.0,0.0,0.0,0.0,0.0,0.0,0.0
0.0,0.0,0.0,0.0,0.0,0.0,0.0,0.0,0.0,0.0,0.0,0.0,0.025179918368321026,0.032663595737574665,0.024691343307495117,0.032663595737574665,0.032663595737574665,0.032663576963875555,0.0,0.0,0.0,0.0,0.0,0.0,0.0,0.0,0.0,0.0,0.0,0.0
