R20000_val_loss,R20000_val_accuracy,R20000_val_auc,R20000_val_precision,R20000_val_recall,R20000_val_f1,R20000_test_loss,R20000_test_accuracy,R20000_test_auc,R20000_test_precision,R20000_test_recall,R20000_test_f1,val_loss,val_accuracy,val_auc,val_precision,val_recall,val_f1,test_loss,test_accuracy,test_auc,test_precision,test_recall,test_f1,knw_loss,knw_accuracy,knw_auc,knw_precision,knw_recall,knw_f1
0.6655333638191223,0.7249340812365214,0.7844190001487732,0.7249340812365214,0.7249340812365214,0.7249340017636617,0.4917106827100118,0.7973568240801493,0.8710845708847046,0.7973568240801493,0.7973568240801493,0.7973567843437195,0.32461222509543103,0.8571428656578064,0.9413265188535055,0.8571428656578064,0.8571428656578064,0.8571428060531616,0.1758357733488083,1.0,1.0,1.0,1.0,1.0,0.2720847576856613,0.9007092316945394,0.9618983070055643,0.9007092316945394,0.9007092316945394,0.9007091720898946
0.12577577977378115,0.03255378574680455,0.038192521052301996,0.03255378574680455,0.03255378574680455,0.032553753375072096,0.051735471380531146,0.016984213902879977,0.017094509795916295,0.016984213902879977,0.016984213902879977,0.01698418813624904,0.07371345564420316,0.0,0.028748544776772085,0.0,0.0,0.0,0.117413922016825,0.0,0.0,0.0,0.0,0.0,0.08344352871929299,0.024568093632515334,0.025494230975789522,0.024568093632515334,0.024568093632515334,0.024568093632515334
0.07261668030992764,0.01879493696405901,0.02205046231057701,0.01879493696405901,0.01879493696405901,0.018794918274230563,0.02986948832820184,0.00980584046880194,0.009869519832336969,0.00980584046880194,0.00980584046880194,0.009805825592430633,0.042558483459078235,0.0,0.016597980065679373,0.0,0.0,0.0,0.06778895948302364,0.0,0.0,0.0,0.0,0.0,0.04817614376821608,0.01418439547220866,0.014719101116654577,0.01418439547220866,0.01418439547220866,0.01418439547220866
