R20000_val_loss,R20000_val_accuracy,R20000_val_auc,R20000_val_precision,R20000_val_recall,R20000_val_f1,R20000_test_loss,R20000_test_accuracy,R20000_test_auc,R20000_test_precision,R20000_test_recall,R20000_test_f1,val_loss,val_accuracy,val_auc,val_precision,val_recall,val_f1,test_loss,test_accuracy,test_auc,test_precision,test_recall,test_f1,knw_loss,knw_accuracy,knw_auc,knw_precision,knw_recall,knw_f1
0.6274557511011759,0.753305971622467,0.8198342720667521,0.753305971622467,0.753305971622467,0.7533058921496073,0.47513805826505023,0.818730632464091,0.8882847627003988,0.818730632464091,0.818730632464091,0.8187305728594462,0.3218420793612798,0.8571428457895914,0.9472789367039999,0.8571428457895914,0.8571428457895914,0.8571427663167318,0.16988146553436914,1.0,0.999999980131785,1.0,1.0,1.0,0.25219393769900006,0.8936170339584351,0.9671797553698221,0.8936170339584351,0.8936170339584351,0.8936169743537903
0.12136788283621343,0.009083830063834692,0.015485815106875512,0.009083830063834692,0.009083830063834692,0.00908381241066418,0.07770465142733259,0.009406780673545964,0.01369332836324216,0.009406780673545964,0.009406780673545964,0.009406780673545964,0.09682961485115663,0.07142856717109888,0.035835539894767156,0.07142856717109888,0.07142856717109888,0.07142859697342749,0.11591144385016221,0.0,3.44127577060238e-08,0.0,0.0,0.0,0.0845683208086673,0.036852140448773,0.0209453424962126,0.036852140448773,0.036852140448773,0.036852140448773
0.07007177982646279,0.005244551732627775,0.00894073952057535,0.005244551732627775,0.005244551732627775,0.005244541540565028,0.044862801418856506,0.005431007354079532,0.007905846816619799,0.005431007354079532,0.005431007354079532,0.005431007354079532,0.05590460419984306,0.04123930248406321,0.02068965860479939,0.04123930248406321,0.04123930248406321,0.04123931969044565,0.06692150330904935,0.0,1.986821492513021e-08,0.0,0.0,0.0,0.0488255427837987,0.021276593208312992,0.012092799128457255,0.021276593208312992,0.021276593208312992,0.021276593208312992
