R20000_val_loss,R20000_val_accuracy,R20000_val_auc,R20000_val_precision,R20000_val_recall,R20000_val_f1,R20000_test_loss,R20000_test_accuracy,R20000_test_auc,R20000_test_precision,R20000_test_recall,R20000_test_f1,val_loss,val_accuracy,val_auc,val_precision,val_recall,val_f1,test_loss,test_accuracy,test_auc,test_precision,test_recall,test_f1,knw_loss,knw_accuracy,knw_auc,knw_precision,knw_recall,knw_f1
0.527705192565918,0.7532147765159607,0.8288536071777344,0.7532147765159607,0.7532147765159607,0.7532147169113159,0.40396907925605774,0.836514949798584,0.9095726013183594,0.836514949798584,0.836514949798584,0.8365148901939392,0.4135889708995819,0.8333333333333334,0.9166666865348816,0.8333333333333334,0.8333333333333334,0.8333332538604736,0.38689500093460083,1.0,0.9999999403953552,1.0,1.0,1.0,0.4107491374015808,0.8510638475418091,0.9239473938941956,0.8510638475418091,0.8510638475418091,0.8510637879371643
0.0,0.0,0.0,0.0,0.0,0.0,0.0,0.0,0.0,0.0,0.0,0.0,0.040651579836846044,0.04123931969044086,0.023006363116592203,0.04123931969044086,0.04123931969044086,0.04123935410319857,0.0,0.0,0.0,0.0,0.0,0.0,0.0,0.0,0.0,0.0,0.0,0.0
0.0,0.0,0.0,0.0,0.0,0.0,0.0,0.0,0.0,0.0,0.0,0.0,0.023470200561786628,0.023809532324473068,0.013282729938438787,0.023809532324473068,0.023809532324473068,0.023809552192687992,0.0,0.0,0.0,0.0,0.0,0.0,0.0,0.0,0.0,0.0,0.0,0.0
