val_loss,val_accuracy,val_auc,val_precision,val_recall,val_f1,test_loss,test_accuracy,test_auc,test_precision,test_recall,test_f1,GJB2_notnan_loss,GJB2_notnan_accuracy,GJB2_notnan_auc,GJB2_notnan_precision,GJB2_notnan_recall,GJB2_notnan_f1,RYR1_notnan_loss,RYR1_notnan_accuracy,RYR1_notnan_auc,RYR1_notnan_precision,RYR1_notnan_recall,RYR1_notnan_f1
0.5034726738929749,0.7732415676116944,0.8462088584899903,0.7732415676116944,0.7732415676116944,0.7732415080070496,0.4052927911281586,0.835535979270935,0.9084125399589539,0.835535979270935,0.835535979270935,0.8355359196662903,0.4176013171672821,0.8553191661834717,0.909913969039917,0.8553191661834717,0.8553191661834717,0.8553191065788269,0.5599575400352478,0.7177777886390686,0.8021851658821106,0.7177777886390686,0.7177777886390686,0.717777681350708
0.024782294772326092,0.018336902873057677,0.016323140088325847,0.018336902873057677,0.018336902873057677,0.01833687098107042,0.013136029491892917,0.008611165468641598,0.006924692244990087,0.008611165468641598,0.008611165468641598,0.008611165468641598,0.017610109561314896,0.017801275038221875,0.013938230189522973,0.017801275038221875,0.017801275038221875,0.017801275038221875,0.01830513656285975,0.009938075975650785,0.022761945065595902,0.009938075975650785,0.009938075975650785,0.009938099299682483
0.011082979149871762,0.008200512264193632,0.007299930168749702,0.008200512264193632,0.008200512264193632,0.008200498001663344,0.005874610979662917,0.003851030270676289,0.0030968165166126924,0.003851030270676289,0.003851030270676289,0.003851030270676289,0.007875480414063822,0.007960972214326855,0.0062333660379626284,0.007960972214326855,0.007960972214326855,0.007960972214326855,0.00818630593839425,0.00444444268942254,0.010179451293357669,0.00444444268942254,0.00444444268942254,0.004444453120246617
