SAV_coords,0,1,2,3,4
P21817 160 E G,0.46451786,0.54372627,0.5572377,0.4608479,0.63026196
P21817 177 R C,0.7665524,0.8376907,0.7464034,0.7479555,0.8700586
P21817 214 T M,0.4592212,0.5288553,0.41555822,0.45603162,0.54352534
P21817 401 R H,0.56535137,0.5475835,0.3747679,0.38760167,0.55904245
P21817 522 Y C,0.75415295,0.8119565,0.7768749,0.7313982,0.8639944
P21817 539 F V,0.6988039,0.69321144,0.77549803,0.6250054,0.81271195
P21817 1056 D H,0.7440072,0.74338776,0.68005,0.8063247,0.6224401
P21817 1588 P L,0.7324642,0.7040686,0.5273811,0.6681604,0.62656957
P21817 1675 L P,0.8677765,0.89981914,0.90981245,0.7990712,0.91627634
P21817 1728 S F,0.4577107,0.4924088,0.42513782,0.3414196,0.47012487
P21817 2163 R L,0.6470845,0.71466225,0.5714333,0.583949,0.6639781
P21817 2204 H Q,0.796422,0.7772449,0.72999495,0.6789655,0.7735511
P21817 2237 C Y,0.8588505,0.86957496,0.8253132,0.845776,0.8818945
P21817 2362 E K,0.46725252,0.4536213,0.3515023,0.3738612,0.42269835
P21817 2363 C W,0.85669994,0.8606589,0.7680275,0.743932,0.84866756
P21817 2364 F V,0.43984136,0.42935792,0.36418262,0.37346482,0.43072098
P21817 2431 D Y,0.87283957,0.8822558,0.81561244,0.874117,0.8909269
P21817 2627 V M,0.77522665,0.80813223,0.7607151,0.8109309,0.7499828
P21817 2676 R W,0.9091364,0.9059873,0.84644586,0.8501023,0.91532075
P21817 3051 R H,0.74531317,0.7716771,0.68875366,0.57874167,0.7118409
P21817 3418 N D,0.55340594,0.5744562,0.56792223,0.5487957,0.5213357
P21817 3903 R Q,0.64455134,0.5298359,0.44216183,0.3825112,0.62532216
P21817 3772 R Q,0.71002376,0.68346107,0.5473289,0.475119,0.6691837
P21817 3986 D E,0.5413998,0.51111007,0.4346616,0.36199507,0.5659235
P21817 4050 S Y,0.7767929,0.8031179,0.71217954,0.69747394,0.8181248
P21817 4234 V L,0.5113128,0.4981212,0.43217736,0.4009494,0.58171403
P21817 4737 R Q,0.701921,0.59399027,0.5397924,0.4843011,0.67608154
P21817 4824 L P,0.8304661,0.8689023,0.8863707,0.7747123,0.8886792
P21817 4893 R Q,0.70371014,0.6308489,0.6575748,0.60570604,0.70895994
P21817 4973 P L,0.6491021,0.69636846,0.65741855,0.49697047,0.70387864
