val_loss,val_accuracy,val_auc,val_precision,val_recall,val_f1,test_loss,test_accuracy,test_auc,test_precision,test_recall,test_f1,GJB2_notnan_loss,GJB2_notnan_accuracy,GJB2_notnan_auc,GJB2_notnan_precision,GJB2_notnan_recall,GJB2_notnan_f1,RYR1_notnan_loss,RYR1_notnan_accuracy,RYR1_notnan_auc,RYR1_notnan_precision,RYR1_notnan_recall,RYR1_notnan_f1
0.5143166899681091,0.7627688407897949,0.83965984582901,0.7627688407897949,0.7627688407897949,0.7627687692642212,0.43334731459617615,0.8262359261512756,0.8942147493362427,0.8262359261512756,0.8262359261512756,0.8262358784675599,0.3838868081569672,0.8638298034667968,0.9274332404136658,0.8638298034667968,0.8638298034667968,0.863829743862152,0.5743629813194275,0.7244444370269776,0.7868765592575073,0.7244444370269776,0.7244444370269776,0.7244443655014038
0.01976621134503881,0.01296923238973984,0.012261494462514814,0.01296923238973984,0.01296923238973984,0.012969243784156446,0.012001425065312868,0.011026803137227117,0.006092398925841801,0.011026803137227117,0.011026803137227117,0.011026812397641304,0.024511803788829306,0.04898239600433773,0.00894797469214023,0.04898239600433773,0.04898239600433773,0.04898239600433773,0.015783281834551587,0.02981423459093189,0.018028974460121153,0.02981423459093189,0.02981423459093189,0.02981424125493376
0.008839718445026864,0.005800017047890065,0.005483507024784074,0.005800017047890065,0.005800017047890065,0.005800022143628084,0.005367200454581885,0.004931336277869554,0.0027246036288457935,0.004931336277869554,0.004931336277869554,0.00493134041925268,0.010962011904591845,0.021905593433302648,0.004001655934514661,0.021905593433302648,0.021905593433302648,0.021905593433302648,0.007058498218018987,0.013333331048489867,0.008062802491487693,0.013333331048489867,0.013333331048489867,0.013333334028722105
