SAV_coords,0,1,2,3,4
P21817 160 E G,0.6687795,0.7058208,0.74806416,0.75691235,0.7270477
P21817 177 R C,0.76528853,0.845524,0.80433744,0.84963167,0.8416803
P21817 214 T M,0.6418638,0.6440592,0.71764874,0.6889559,0.6661931
P21817 401 R H,0.5974135,0.63648707,0.69465023,0.67023486,0.67106605
P21817 522 Y C,0.78281486,0.83468944,0.8330331,0.8422267,0.8418955
P21817 539 F V,0.78866434,0.7898994,0.8584614,0.8439476,0.83111143
P21817 1056 D H,0.59914535,0.6794736,0.66612035,0.6859688,0.6778895
P21817 1588 P L,0.8002929,0.781899,0.81466144,0.80740076,0.7991702
P21817 1675 L P,0.83218503,0.86331487,0.87618524,0.8668752,0.87103564
P21817 1728 S F,0.5248233,0.6205027,0.62989134,0.6512082,0.65006363
P21817 2163 R L,0.68269384,0.6846273,0.7349583,0.7207247,0.7065276
P21817 2204 H Q,0.645354,0.6823128,0.75050277,0.70855474,0.7091088
P21817 2237 C Y,0.7102601,0.7687355,0.78761375,0.8146803,0.79459405
P21817 2362 E K,0.26907355,0.28633893,0.35725668,0.36421236,0.31372312
P21817 2363 C W,0.6347977,0.7305159,0.7271367,0.7426733,0.7389068
P21817 2364 F V,0.5466917,0.448467,0.686645,0.5591618,0.5279567
P21817 2431 D Y,0.83333796,0.842776,0.85924256,0.85504335,0.85143685
P21817 2627 V M,0.71242374,0.72159976,0.7596055,0.7525509,0.74897003
P21817 2676 R W,0.78983563,0.8137426,0.7806733,0.80563974,0.80900276
P21817 3051 R H,0.5928093,0.602553,0.5775972,0.6462491,0.60890603
P21817 3418 N D,0.41563246,0.4737251,0.42679718,0.53835,0.45992893
P21817 3903 R Q,0.6097353,0.638437,0.7093023,0.68304276,0.66615164
P21817 3772 R Q,0.58155465,0.59826726,0.7085754,0.6628394,0.64170367
P21817 3986 D E,0.609757,0.5096594,0.7063716,0.59679216,0.5768172
P21817 4050 S Y,0.7246164,0.75573146,0.8169564,0.8156271,0.795685
P21817 4234 V L,0.43843967,0.5056734,0.60691035,0.5489913,0.5491136
P21817 4737 R Q,0.58695275,0.6220195,0.7907901,0.71043646,0.7040497
P21817 4824 L P,0.8315621,0.83120954,0.8557424,0.9114967,0.86832625
P21817 4893 R Q,0.8649137,0.7265323,0.69167006,0.87710106,0.7941236
P21817 4973 P L,0.64600027,0.7113395,0.80787444,0.7899939,0.7357488
