R20000_val_loss,R20000_val_accuracy,R20000_val_auc,R20000_val_precision,R20000_val_recall,R20000_val_f1,R20000_test_loss,R20000_test_accuracy,R20000_test_auc,R20000_test_precision,R20000_test_recall,R20000_test_f1,val_loss,val_accuracy,val_auc,val_precision,val_recall,val_f1,test_loss,test_accuracy,test_auc,test_precision,test_recall,test_f1,knw_loss,knw_accuracy,knw_auc,knw_precision,knw_recall,knw_f1
0.5734309156735738,0.7704146305720011,0.8461511929829916,0.7704146305720011,0.7704146305720011,0.7704145709673563,0.4345511595408122,0.8234622279802958,0.8996908267339071,0.8234622279802958,0.8234622279802958,0.823462168375651,0.39723609884579975,0.839506189028422,0.9048925638198853,0.839506189028422,0.839506189028422,0.8395061294237772,0.21593054632345834,1.0,0.9979423880577087,1.0,1.0,1.0,0.29182488719622296,0.9185185035069784,0.9588477412859598,0.9185185035069784,0.9185185035069784,0.9185184439023336
0.019006244376099116,0.0037073397008673594,0.0019458498705390065,0.0037073397008673594,0.0037073397008673594,0.0037073397008673594,0.009083561097516677,0.0036737988037542184,0.006199275959535655,0.0036737988037542184,0.0036737988037542184,0.0036737988037542184,0.07224446090356748,0.021383364970611364,0.03158978710213326,0.021383364970611364,0.021383364970611364,0.021383364970611364,0.04393288279526026,0.0,0.0035638884263089424,0.0,0.0,0.0,0.021619071030830564,0.006414985402253014,0.006183395801580092,0.006414985402253014,0.006414985402253014,0.006414985402253014
0.010973260306824635,0.0021404335742731566,0.001123436946558294,0.0021404335742731566,0.0021404335742731566,0.0021404335742731566,0.005244396444851666,0.002121068728296023,0.003579153644018686,0.002121068728296023,0.002121068728296023,0.002121068728296023,0.04171035895013408,0.012345691521962486,0.01823837208705961,0.012345691521962486,0.012345691521962486,0.012345691521962486,0.025364661708119792,0.0,0.0020576119422912598,0.0,0.0,0.0,0.012481776479279666,0.0037036935488382974,0.003569985230548268,0.0037036935488382974,0.0037036935488382974,0.0037036935488382974
