R20000_val_loss,R20000_val_accuracy,R20000_val_auc,R20000_val_precision,R20000_val_recall,R20000_val_f1,R20000_test_loss,R20000_test_accuracy,R20000_test_auc,R20000_test_precision,R20000_test_recall,R20000_test_f1,val_loss,val_accuracy,val_auc,val_precision,val_recall,val_f1,test_loss,test_accuracy,test_auc,test_precision,test_recall,test_f1,knw_loss,knw_accuracy,knw_auc,knw_precision,knw_recall,knw_f1
0.4917936623096466,0.7745790481567383,0.8548210263252258,0.7745790481567383,0.7745790481567383,0.7745789885520935,0.40218186378479004,0.8370044231414795,0.9091554880142212,0.8370044231414795,0.8370044231414795,0.8370043635368347,0.5702874958515167,0.7160493930180868,0.7951531807581583,0.7160493930180868,0.7160493930180868,0.716049333413442,0.6244658827781677,0.6666666865348816,0.7530864477157593,0.6666666865348816,0.6666666865348816,0.6666666269302368,0.575705349445343,0.7111111283302307,0.7858024835586548,0.7111111283302307,0.7111111283302307,0.7111110091209412
0.0,0.0,0.0,0.0,0.0,0.0,0.0,0.0,0.0,0.0,0.0,0.0,0.07331492538366297,0.1300698124090538,0.09265438850036942,0.1300698124090538,0.1300698124090538,0.1300698124090538,0.0,0.0,0.0,0.0,0.0,0.0,0.0,0.0,0.0,0.0,0.0,0.0
0.0,0.0,0.0,0.0,0.0,0.0,0.0,0.0,0.0,0.0,0.0,0.0,0.042328391905875146,0.07509584120781133,0.053494036142288454,0.07509584120781133,0.07509584120781133,0.07509584120781133,0.0,0.0,0.0,0.0,0.0,0.0,0.0,0.0,0.0,0.0,0.0,0.0
