SAV_coords,0,1,2
P21817 160 E G,0.72249293,0.44604486,0.29608017
P21817 177 R C,0.96810406,0.951035,0.95283014
P21817 214 T M,0.4733577,0.4125973,0.3603318
P21817 401 R H,0.3458435,0.2603794,0.19094568
P21817 522 Y C,0.9230305,0.9273365,0.94226336
P21817 539 F V,0.92504746,0.8389378,0.9369715
P21817 1056 D H,0.13843317,0.20768747,0.2571432
P21817 1588 P L,0.28990513,0.45669103,0.34825447
P21817 1675 L P,0.9706176,0.94487405,0.9732386
P21817 1728 S F,0.15059203,0.18505038,0.19339256
P21817 2163 R L,0.86270326,0.87669677,0.80953
P21817 2204 H Q,0.7127604,0.78188103,0.61400336
P21817 2237 C Y,0.9738783,0.969176,0.97586346
P21817 2362 E K,0.1618144,0.18001498,0.12746167
P21817 2363 C W,0.9305103,0.89886105,0.9139223
P21817 2364 F V,0.19051114,0.22581497,0.14948128
P21817 2431 D Y,0.9930906,0.9885296,0.9894896
P21817 2627 V M,0.44185552,0.80233765,0.6995017
P21817 2676 R W,0.9698452,0.9587192,0.9664648
P21817 3051 R H,0.0966251,0.16784228,0.14678556
P21817 3418 N D,0.12842181,0.16658787,0.21010706
P21817 3903 R Q,0.7017796,0.36597145,0.31570667
P21817 3772 R Q,0.85010815,0.5445718,0.420171
P21817 3986 D E,0.364033,0.2781896,0.2406419
P21817 4050 S Y,0.97342455,0.94063663,0.95013595
P21817 4234 V L,0.5922318,0.48250833,0.39781123
P21817 4737 R Q,0.5008542,0.3667061,0.24838579
P21817 4824 L P,0.980261,0.95291954,0.97742563
P21817 4893 R Q,0.91823447,0.77574825,0.7659165
P21817 4973 P L,0.5449732,0.29894605,0.4489902
