R20000_val_loss,R20000_val_accuracy,R20000_val_auc,R20000_val_precision,R20000_val_recall,R20000_val_f1,R20000_test_loss,R20000_test_accuracy,R20000_test_auc,R20000_test_precision,R20000_test_recall,R20000_test_f1,val_loss,val_accuracy,val_auc,val_precision,val_recall,val_f1,test_loss,test_accuracy,test_auc,test_precision,test_recall,test_f1,knw_loss,knw_accuracy,knw_auc,knw_precision,knw_recall,knw_f1
0.5854513247807821,0.7658026417096456,0.8356752594312032,0.7658026417096456,0.7658026417096456,0.7658026019732157,0.47446103890736896,0.8179148435592651,0.8877668778101603,0.8179148435592651,0.8179148435592651,0.8179147839546204,0.319975604613622,0.8809523781140646,0.942176878452301,0.8809523781140646,0.8809523781140646,0.8809523185094198,0.19102309395869574,1.0,0.9933333396911621,1.0,1.0,1.0,0.2678801516691844,0.9078014294306437,0.9585785269737244,0.9078014294306437,0.9078014294306437,0.9078013698259989
0.0717934542701799,0.002445531598678614,0.0024559952475271068,0.002445531598678614,0.002445531598678614,0.0024455659578409912,0.08502921362930756,0.02008642574053028,0.021366701316298402,0.02008642574053028,0.02008642574053028,0.02008642574053028,0.1123868996135588,0.041239285277683155,0.043392359413373605,0.041239285277683155,0.041239285277683155,0.041239285277683155,0.16859686245876868,0.0,0.01154699437171005,0.0,0.0,0.0,0.12245441297597288,0.032500532969292534,0.03594071593048397,0.032500532969292534,0.032500532969292534,0.032500532969292534
0.04144997014894145,0.0014119283268088337,0.0014179695172882166,0.0014119283268088337,0.0014119283268088337,0.0014119481640804813,0.049091639377862914,0.011596903308352587,0.012336070756659214,0.011596903308352587,0.011596903308352587,0.011596903308352587,0.06488660674527562,0.02380951245625814,0.025052590388084245,0.02380951245625814,0.02380951245625814,0.02380951245625814,0.09733944392509641,0.0,0.0066666603088378915,0.0,0.0,0.0,0.07069908829513555,0.01876419145862735,0.020750382017332793,0.01876419145862735,0.01876419145862735,0.01876419145862735
