R20000_val_loss,R20000_val_accuracy,R20000_val_auc,R20000_val_precision,R20000_val_recall,R20000_val_f1,R20000_test_loss,R20000_test_accuracy,R20000_test_auc,R20000_test_precision,R20000_test_recall,R20000_test_f1,val_loss,val_accuracy,val_auc,val_precision,val_recall,val_f1,test_loss,test_accuracy,test_auc,test_precision,test_recall,test_f1,knw_loss,knw_accuracy,knw_auc,knw_precision,knw_recall,knw_f1
0.5234047770500183,0.7628922462463379,0.8351019620895386,0.7628922462463379,0.7628922462463379,0.7628922462463379,0.3983633518218994,0.840430736541748,0.9108892679214478,0.840430736541748,0.840430736541748,0.8404306769371033,0.4203268388907115,0.8571428656578064,0.9047619104385376,0.8571428656578064,0.8571428656578064,0.8571428060531616,0.4036654531955719,0.800000011920929,0.9600000381469727,0.800000011920929,0.800000011920929,0.800000011920929,0.41855430603027344,0.8510638475418091,0.9076504707336426,0.8510638475418091,0.8510638475418091,0.8510637879371643
0.0,0.0,0.0,0.0,0.0,0.0,0.0,0.0,0.0,0.0,0.0,0.0,0.05865529553676944,0.0,0.031174001971515004,0.0,0.0,0.0,0.0,0.0,0.0,0.0,0.0,0.0,0.0,0.0,0.0,0.0,0.0,0.0
0.0,0.0,0.0,0.0,0.0,0.0,0.0,0.0,0.0,0.0,0.0,0.0,0.03386465066755089,0.0,0.017998318429972113,0.0,0.0,0.0,0.0,0.0,0.0,0.0,0.0,0.0,0.0,0.0,0.0,0.0,0.0,0.0
